Z (um),Deflection (um)
0.15,-0.014361
0.1499,-0.014329
0.1498,-0.014341
0.1497,-0.014335
0.1496,-0.014355
0.1495,-0.014364
0.1494,-0.014349
0.1493,-0.014344
0.1492,-0.014355
0.1491,-0.014341
0.149,-0.014364
0.1489,-0.014347
0.1488,-0.014344
0.1487,-0.014347
0.1486,-0.014364
0.1485,-0.014338
0.1484,-0.014355
0.1483,-0.014367
0.1482,-0.014344
0.1481,-0.014338
0.148,-0.014344
0.1479,-0.014341
0.1478,-0.014375
0.1477,-0.014367
0.1476,-0.014347
0.1475,-0.014375
0.1474,-0.014326
0.1473,-0.014309
0.1472,-0.014324
0.1471,-0.014344
0.147,-0.014375
0.1469,-0.01437
0.1468,-0.01439
0.1467,-0.014372
0.1466,-0.014361
0.1465,-0.014341
0.1464,-0.014332
0.1463,-0.01437
0.1462,-0.014384
0.1461,-0.014358
0.146,-0.014364
0.1459,-0.014341
0.1458,-0.014335
0.1457,-0.014361
0.1456,-0.014387
0.1455,-0.01439
0.1454,-0.014347
0.1453,-0.014384
0.1452,-0.014401
0.1451,-0.014401
0.145,-0.014413
0.1449,-0.01437
0.1448,-0.01437
0.1447,-0.014364
0.1446,-0.01439
0.1445,-0.01443
0.1444,-0.01443
0.1443,-0.01439
0.1442,-0.014341
0.1441,-0.014395
0.144,-0.01441
0.1439,-0.01439
0.1438,-0.014413
0.1437,-0.01443
0.1436,-0.014421
0.1435,-0.014421
0.1434,-0.014427
0.1433,-0.014401
0.1432,-0.014416
0.1431,-0.014421
0.143,-0.014407
0.1429,-0.014404
0.1428,-0.014421
0.1427,-0.014433
0.1426,-0.014407
0.1425,-0.014378
0.1424,-0.014378
0.1423,-0.014375
0.1422,-0.014378
0.1421,-0.014364
0.142,-0.014364
0.1419,-0.014407
0.1418,-0.014401
0.1417,-0.014384
0.1416,-0.014372
0.1415,-0.014358
0.1414,-0.014375
0.1413,-0.014401
0.1412,-0.014421
0.1411,-0.014418
0.141,-0.01443
0.1409,-0.014372
0.1408,-0.014401
0.1407,-0.014418
0.1406,-0.01441
0.1405,-0.014418
0.1404,-0.014473
0.1403,-0.014442
0.1402,-0.014421
0.1401,-0.014421
0.14,-0.01443
0.1399,-0.014427
0.1398,-0.014433
0.1397,-0.014424
0.1396,-0.014413
0.1395,-0.014407
0.1394,-0.014424
0.1393,-0.014418
0.1392,-0.014387
0.1391,-0.014364
0.139,-0.014375
0.1389,-0.014407
0.1388,-0.014404
0.1387,-0.014384
0.1386,-0.01439
0.1385,-0.01439
0.1384,-0.014347
0.1383,-0.01437
0.1382,-0.014361
0.1381,-0.014387
0.138,-0.014416
0.1379,-0.014413
0.1378,-0.014395
0.1377,-0.014387
0.1376,-0.014364
0.1375,-0.01441
0.1374,-0.01441
0.1373,-0.014447
0.1372,-0.014444
0.1371,-0.014462
0.137,-0.01443
0.1369,-0.014444
0.1368,-0.014433
0.1367,-0.014424
0.1366,-0.014427
0.1365,-0.014378
0.1364,-0.01439
0.1363,-0.014421
0.1362,-0.014456
0.1361,-0.014442
0.136,-0.014416
0.1359,-0.014421
0.1358,-0.014404
0.1357,-0.014418
0.1356,-0.014467
0.1355,-0.014442
0.1354,-0.014459
0.1353,-0.014456
0.1352,-0.014439
0.1351,-0.01445
0.135,-0.014479
0.1349,-0.01447
0.1348,-0.01449
0.1347,-0.014488
0.1346,-0.014453
0.1345,-0.014447
0.1344,-0.014413
0.1343,-0.014427
0.1342,-0.014436
0.1341,-0.014424
0.134,-0.014404
0.1339,-0.014418
0.1338,-0.014442
0.1337,-0.014439
0.1336,-0.014433
0.1335,-0.014404
0.1334,-0.014401
0.1333,-0.014404
0.1332,-0.014384
0.1331,-0.014395
0.133,-0.014418
0.1329,-0.014421
0.1328,-0.014444
0.1327,-0.014479
0.1326,-0.014473
0.1325,-0.014444
0.1324,-0.014465
0.1323,-0.014447
0.1322,-0.014447
0.1321,-0.014444
0.132,-0.014467
0.1319,-0.014488
0.1318,-0.014482
0.1317,-0.014465
0.1316,-0.014416
0.1315,-0.01443
0.1314,-0.014459
0.1313,-0.014418
0.1312,-0.014447
0.1311,-0.014424
0.131,-0.014482
0.1309,-0.014502
0.1308,-0.014482
0.1307,-0.014482
0.1306,-0.01445
0.1305,-0.014453
0.1304,-0.014473
0.1303,-0.014436
0.1302,-0.014459
0.1301,-0.01447
0.13,-0.014456
0.1299,-0.014459
0.1298,-0.01447
0.1297,-0.014453
0.1296,-0.01443
0.1295,-0.014476
0.1294,-0.014465
0.1293,-0.014456
0.1292,-0.014436
0.1291,-0.014418
0.129,-0.014459
0.1289,-0.014459
0.1288,-0.01445
0.1287,-0.014456
0.1286,-0.014473
0.1285,-0.014444
0.1284,-0.014485
0.1283,-0.014485
0.1282,-0.014493
0.1281,-0.014508
0.128,-0.01449
0.1279,-0.014511
0.1278,-0.014522
0.1277,-0.01449
0.1276,-0.014456
0.1275,-0.014427
0.1274,-0.014456
0.1273,-0.01445
0.1272,-0.014465
0.1271,-0.014485
0.127,-0.014482
0.1269,-0.014485
0.1268,-0.014459
0.1267,-0.014482
0.1266,-0.014493
0.1265,-0.01443
0.1264,-0.014416
0.1263,-0.014453
0.1262,-0.014424
0.1261,-0.014442
0.126,-0.014456
0.1259,-0.014459
0.1258,-0.01447
0.1257,-0.01447
0.1256,-0.014459
0.1255,-0.014488
0.1254,-0.01449
0.1253,-0.014447
0.1252,-0.014467
0.1251,-0.01449
0.125,-0.014519
0.1249,-0.014511
0.1248,-0.014516
0.1247,-0.014502
0.1246,-0.014505
0.1245,-0.014496
0.1244,-0.014467
0.1243,-0.014485
0.1242,-0.014502
0.1241,-0.01449
0.124,-0.01445
0.1239,-0.01443
0.1238,-0.014436
0.1237,-0.01445
0.1236,-0.014502
0.1235,-0.014479
0.1234,-0.014476
0.1233,-0.014444
0.1232,-0.014502
0.1231,-0.01449
0.123,-0.014499
0.1229,-0.014493
0.1228,-0.014499
0.1227,-0.014502
0.1226,-0.014465
0.1225,-0.014519
0.1224,-0.014516
0.1223,-0.014516
0.1222,-0.014525
0.1221,-0.014496
0.122,-0.014508
0.1219,-0.014488
0.1218,-0.01449
0.1217,-0.014505
0.1216,-0.01447
0.1215,-0.01449
0.1214,-0.014505
0.1213,-0.014496
0.1212,-0.014482
0.1211,-0.014499
0.121,-0.014462
0.1209,-0.014482
0.1208,-0.014508
0.1207,-0.014516
0.1206,-0.014513
0.1205,-0.014534
0.1204,-0.014496
0.1203,-0.014528
0.1202,-0.014502
0.1201,-0.014479
0.12,-0.014502
0.1199,-0.014511
0.1198,-0.014531
0.1197,-0.014522
0.1196,-0.014542
0.1195,-0.014519
0.1194,-0.014513
0.1193,-0.014493
0.1192,-0.014508
0.1191,-0.014485
0.119,-0.014479
0.1189,-0.014485
0.1188,-0.014476
0.1187,-0.014513
0.1186,-0.014473
0.1185,-0.01449
0.1184,-0.014493
0.1183,-0.014496
0.1182,-0.014516
0.1181,-0.014488
0.118,-0.014493
0.1179,-0.014508
0.1178,-0.014511
0.1177,-0.014488
0.1176,-0.014496
0.1175,-0.014519
0.1174,-0.014539
0.1173,-0.014525
0.1172,-0.014554
0.1171,-0.014536
0.117,-0.014534
0.1169,-0.014559
0.1168,-0.014559
0.1167,-0.014557
0.1166,-0.014542
0.1165,-0.014516
0.1164,-0.014534
0.1163,-0.014519
0.1162,-0.014528
0.1161,-0.014542
0.116,-0.014534
0.1159,-0.014525
0.1158,-0.014548
0.1157,-0.014528
0.1156,-0.014528
0.1155,-0.014534
0.1154,-0.014545
0.1153,-0.014542
0.1152,-0.014525
0.1151,-0.014519
0.115,-0.014548
0.1149,-0.014542
0.1148,-0.014568
0.1147,-0.01449
0.1146,-0.014536
0.1145,-0.014557
0.1144,-0.014559
0.1143,-0.014539
0.1142,-0.014502
0.1141,-0.014528
0.114,-0.014534
0.1139,-0.014528
0.1138,-0.014528
0.1137,-0.014516
0.1136,-0.014522
0.1135,-0.014516
0.1134,-0.014545
0.1133,-0.014545
0.1132,-0.0146
0.1131,-0.014554
0.113,-0.014548
0.1129,-0.014559
0.1128,-0.014542
0.1127,-0.014554
0.1126,-0.014505
0.1125,-0.014502
0.1124,-0.014513
0.1123,-0.014545
0.1122,-0.014531
0.1121,-0.014534
0.112,-0.014519
0.1119,-0.014559
0.1118,-0.014511
0.1117,-0.014522
0.1116,-0.014554
0.1115,-0.014554
0.1114,-0.014574
0.1113,-0.014582
0.1112,-0.014606
0.1111,-0.014528
0.111,-0.014554
0.1109,-0.014548
0.1108,-0.014557
0.1107,-0.014557
0.1106,-0.014554
0.1105,-0.014571
0.1104,-0.014536
0.1103,-0.014548
0.1102,-0.014565
0.1101,-0.014565
0.11,-0.014545
0.1099,-0.01458
0.1098,-0.014571
0.1097,-0.014548
0.1096,-0.014545
0.1095,-0.014511
0.1094,-0.014548
0.1093,-0.014554
0.1092,-0.014551
0.1091,-0.014559
0.109,-0.014554
0.1089,-0.014559
0.1088,-0.014577
0.1087,-0.014577
0.1086,-0.014557
0.1085,-0.014557
0.1084,-0.014545
0.1083,-0.014565
0.1082,-0.01458
0.1081,-0.014585
0.108,-0.014594
0.1079,-0.014562
0.1078,-0.014551
0.1077,-0.014531
0.1076,-0.014528
0.1075,-0.014545
0.1074,-0.014531
0.1073,-0.014565
0.1072,-0.014571
0.1071,-0.014571
0.107,-0.014554
0.1069,-0.014551
0.1068,-0.014571
0.1067,-0.014565
0.1066,-0.014548
0.1065,-0.014582
0.1064,-0.014588
0.1063,-0.014559
0.1062,-0.014571
0.1061,-0.014554
0.106,-0.014534
0.1059,-0.014565
0.1058,-0.014562
0.1057,-0.014554
0.1056,-0.014548
0.1055,-0.014582
0.1054,-0.014562
0.1053,-0.014551
0.1052,-0.014565
0.1051,-0.014577
0.105,-0.014574
0.1049,-0.014574
0.1048,-0.01458
0.1047,-0.014585
0.1046,-0.014606
0.1045,-0.014559
0.1044,-0.014565
0.1043,-0.014565
0.1042,-0.014554
0.1041,-0.014608
0.104,-0.014594
0.1039,-0.014611
0.1038,-0.014562
0.1037,-0.014554
0.1036,-0.014536
0.1035,-0.014557
0.1034,-0.014585
0.1033,-0.0146
0.1032,-0.014562
0.1031,-0.014568
0.103,-0.014603
0.1029,-0.01462
0.1028,-0.014611
0.1027,-0.014568
0.1026,-0.014559
0.1025,-0.014571
0.1024,-0.014562
0.1023,-0.014551
0.1022,-0.014554
0.1021,-0.014548
0.102,-0.014562
0.1019,-0.014559
0.1018,-0.01458
0.1017,-0.014631
0.1016,-0.0146
0.1015,-0.014585
0.1014,-0.014565
0.1013,-0.01458
0.1012,-0.014594
0.1011,-0.014588
0.101,-0.014585
0.1009,-0.014597
0.1008,-0.0146
0.1007,-0.01464
0.1006,-0.014657
0.1005,-0.014631
0.1004,-0.014606
0.1003,-0.014617
0.1002,-0.01458
0.1001,-0.014597
0.1,-0.014631
0.0999,-0.014594
0.0998,-0.014562
0.0997,-0.014568
0.0996,-0.014565
0.0995,-0.014548
0.0994,-0.014528
0.0993,-0.014548
0.0992,-0.014565
0.0991,-0.014568
0.099,-0.014597
0.0989,-0.014629
0.0988,-0.014594
0.0987,-0.014585
0.0986,-0.014594
0.0985,-0.014617
0.0984,-0.014582
0.0983,-0.014516
0.0982,-0.014562
0.0981,-0.014588
0.098,-0.014588
0.0979,-0.014603
0.0978,-0.014614
0.0977,-0.014588
0.0976,-0.014594
0.0975,-0.014585
0.0974,-0.014562
0.0973,-0.014559
0.0972,-0.014562
0.0971,-0.0146
0.097,-0.014542
0.0969,-0.014545
0.0968,-0.014568
0.0967,-0.014574
0.0966,-0.014582
0.0965,-0.014548
0.0964,-0.01458
0.0963,-0.014571
0.0962,-0.014603
0.0961,-0.014585
0.096,-0.014568
0.0959,-0.014557
0.0958,-0.014562
0.0957,-0.014594
0.0956,-0.014568
0.0955,-0.014606
0.0954,-0.014588
0.0953,-0.014603
0.0952,-0.014551
0.0951,-0.014568
0.095,-0.01458
0.0949,-0.014591
0.0948,-0.014536
0.0947,-0.014539
0.0946,-0.014557
0.0945,-0.014562
0.0944,-0.014568
0.0943,-0.014571
0.0942,-0.014562
0.0941,-0.014594
0.094,-0.014554
0.0939,-0.014582
0.0938,-0.014571
0.0937,-0.014574
0.0936,-0.014568
0.0935,-0.014548
0.0934,-0.014588
0.0933,-0.014608
0.0932,-0.014571
0.0931,-0.014562
0.093,-0.014562
0.0929,-0.014536
0.0928,-0.014536
0.0927,-0.014562
0.0926,-0.014565
0.0925,-0.014559
0.0924,-0.01458
0.0923,-0.014557
0.0922,-0.014568
0.0921,-0.014591
0.092,-0.014594
0.0919,-0.014574
0.0918,-0.014585
0.0917,-0.014585
0.0916,-0.014597
0.0915,-0.014594
0.0914,-0.014582
0.0913,-0.01462
0.0912,-0.014623
0.0911,-0.014582
0.091,-0.014571
0.0909,-0.01464
0.0908,-0.014588
0.0907,-0.014588
0.0906,-0.014629
0.0905,-0.0146
0.0904,-0.014603
0.0903,-0.014611
0.0902,-0.014629
0.0901,-0.014646
0.09,-0.014617
0.0899,-0.014591
0.0898,-0.014597
0.0897,-0.014614
0.0896,-0.014643
0.0895,-0.014643
0.0894,-0.014646
0.0893,-0.014623
0.0892,-0.014606
0.0891,-0.014631
0.089,-0.014634
0.0889,-0.014608
0.0888,-0.014646
0.0887,-0.014626
0.0886,-0.014603
0.0885,-0.014603
0.0884,-0.014606
0.0883,-0.014585
0.0882,-0.014603
0.0881,-0.014657
0.088,-0.01466
0.0879,-0.014634
0.0878,-0.014617
0.0877,-0.014649
0.0876,-0.01466
0.0875,-0.014654
0.0874,-0.014666
0.0873,-0.014631
0.0872,-0.014614
0.0871,-0.014614
0.087,-0.014643
0.0869,-0.014606
0.0868,-0.014631
0.0867,-0.014677
0.0866,-0.014669
0.0865,-0.014637
0.0864,-0.014652
0.0863,-0.014646
0.0862,-0.014643
0.0861,-0.014623
0.086,-0.014637
0.0859,-0.014629
0.0858,-0.01464
0.0857,-0.014643
0.0856,-0.014634
0.0855,-0.014626
0.0854,-0.014611
0.0853,-0.014643
0.0852,-0.01464
0.0851,-0.014657
0.085,-0.01466
0.0849,-0.014666
0.0848,-0.014672
0.0847,-0.014675
0.0846,-0.014657
0.0845,-0.01468
0.0844,-0.01462
0.0843,-0.01462
0.0842,-0.014597
0.0841,-0.014646
0.084,-0.014623
0.0839,-0.014585
0.0838,-0.014629
0.0837,-0.01466
0.0836,-0.014652
0.0835,-0.014637
0.0834,-0.014634
0.0833,-0.014643
0.0832,-0.014649
0.0831,-0.014629
0.083,-0.014654
0.0829,-0.01466
0.0828,-0.014637
0.0827,-0.014698
0.0826,-0.014675
0.0825,-0.014657
0.0824,-0.014672
0.0823,-0.014652
0.0822,-0.014657
0.0821,-0.01468
0.082,-0.014686
0.0819,-0.014686
0.0818,-0.014666
0.0817,-0.014634
0.0816,-0.014634
0.0815,-0.01464
0.0814,-0.014649
0.0813,-0.014654
0.0812,-0.014608
0.0811,-0.014617
0.081,-0.01462
0.0809,-0.014634
0.0808,-0.014657
0.0807,-0.014629
0.0806,-0.014637
0.0805,-0.01462
0.0804,-0.01464
0.0803,-0.014672
0.0802,-0.014649
0.0801,-0.014657
0.08,-0.01464
0.0799,-0.014626
0.0798,-0.014643
0.0797,-0.014623
0.0796,-0.014637
0.0795,-0.01468
0.0794,-0.014637
0.0793,-0.014663
0.0792,-0.014683
0.0791,-0.014663
0.079,-0.014626
0.0789,-0.014626
0.0788,-0.014657
0.0787,-0.014637
0.0786,-0.014603
0.0785,-0.014617
0.0784,-0.014631
0.0783,-0.014626
0.0782,-0.014629
0.0781,-0.014663
0.078,-0.014689
0.0779,-0.014686
0.0778,-0.014657
0.0777,-0.014657
0.0776,-0.014649
0.0775,-0.014652
0.0774,-0.01464
0.0773,-0.014654
0.0772,-0.01464
0.0771,-0.014657
0.077,-0.014646
0.0769,-0.014654
0.0768,-0.014643
0.0767,-0.014637
0.0766,-0.014631
0.0765,-0.014649
0.0764,-0.014677
0.0763,-0.014692
0.0762,-0.014634
0.0761,-0.014606
0.076,-0.014603
0.0759,-0.014611
0.0758,-0.014626
0.0757,-0.014637
0.0756,-0.014652
0.0755,-0.014643
0.0754,-0.01462
0.0753,-0.014637
0.0752,-0.014617
0.0751,-0.014614
0.075,-0.014646
0.0749,-0.014617
0.0748,-0.01462
0.0747,-0.01464
0.0746,-0.014649
0.0745,-0.014675
0.0744,-0.014663
0.0743,-0.014666
0.0742,-0.014669
0.0741,-0.014695
0.074,-0.014686
0.0739,-0.014692
0.0738,-0.014669
0.0737,-0.014692
0.0736,-0.014692
0.0735,-0.014652
0.0734,-0.014686
0.0733,-0.014695
0.0732,-0.01468
0.0731,-0.014666
0.073,-0.014663
0.0729,-0.014643
0.0728,-0.014677
0.0727,-0.014672
0.0726,-0.014657
0.0725,-0.014657
0.0724,-0.014669
0.0723,-0.014672
0.0722,-0.014689
0.0721,-0.014654
0.072,-0.014634
0.0719,-0.014672
0.0718,-0.014652
0.0717,-0.014637
0.0716,-0.014666
0.0715,-0.014683
0.0714,-0.01464
0.0713,-0.014675
0.0712,-0.014657
0.0711,-0.014689
0.071,-0.014698
0.0709,-0.014686
0.0708,-0.014672
0.0707,-0.014675
0.0706,-0.014663
0.0705,-0.014677
0.0704,-0.01466
0.0703,-0.014646
0.0702,-0.014663
0.0701,-0.014675
0.07,-0.01468
0.0699,-0.014692
0.0698,-0.014677
0.0697,-0.014675
0.0696,-0.014709
0.0695,-0.014695
0.0694,-0.014723
0.0693,-0.014675
0.0692,-0.014703
0.0691,-0.014698
0.069,-0.014672
0.0689,-0.014706
0.0688,-0.014735
0.0687,-0.014683
0.0686,-0.014672
0.0685,-0.014683
0.0684,-0.014692
0.0683,-0.014686
0.0682,-0.014675
0.0681,-0.014672
0.068,-0.014706
0.0679,-0.014721
0.0678,-0.014715
0.0677,-0.014698
0.0676,-0.014675
0.0675,-0.014692
0.0674,-0.014706
0.0673,-0.014677
0.0672,-0.014689
0.0671,-0.014689
0.067,-0.014672
0.0669,-0.01468
0.0668,-0.014709
0.0667,-0.014698
0.0666,-0.01468
0.0665,-0.014698
0.0664,-0.014715
0.0663,-0.014677
0.0662,-0.01468
0.0661,-0.01468
0.066,-0.014698
0.0659,-0.014703
0.0658,-0.014715
0.0657,-0.0147
0.0656,-0.01468
0.0655,-0.014698
0.0654,-0.014729
0.0653,-0.0147
0.0652,-0.014712
0.0651,-0.014689
0.065,-0.014689
0.0649,-0.014721
0.0648,-0.014706
0.0647,-0.014715
0.0646,-0.014752
0.0645,-0.014749
0.0644,-0.014732
0.0643,-0.014698
0.0642,-0.014663
0.0641,-0.014709
0.064,-0.014663
0.0639,-0.014683
0.0638,-0.014698
0.0637,-0.014715
0.0636,-0.014712
0.0635,-0.01468
0.0634,-0.01466
0.0633,-0.014703
0.0632,-0.014712
0.0631,-0.014677
0.063,-0.014643
0.0629,-0.014677
0.0628,-0.01468
0.0627,-0.014703
0.0626,-0.014744
0.0625,-0.014732
0.0624,-0.014706
0.0623,-0.014715
0.0622,-0.014741
0.0621,-0.014712
0.062,-0.014709
0.0619,-0.014721
0.0618,-0.016694
0.0617,-0.018358
0.0616,-0.018317
0.0615,-0.018303
0.0614,-0.018277
0.0613,-0.018303
0.0612,-0.0183
0.0611,-0.018257
0.061,-0.018277
0.0609,-0.018257
0.0608,-0.01824
0.0607,-0.018254
0.0606,-0.018268
0.0605,-0.018234
0.0604,-0.018231
0.0603,-0.018208
0.0602,-0.018234
0.0601,-0.018194
0.06,-0.018222
0.0599,-0.018248
0.0598,-0.018217
0.0597,-0.018225
0.0596,-0.018214
0.0595,-0.018196
0.0594,-0.018168
0.0593,-0.018188
0.0592,-0.018125
0.0591,-0.018156
0.059,-0.01813
0.0589,-0.018107
0.0588,-0.018102
0.0587,-0.018125
0.0586,-0.01815
0.0585,-0.018122
0.0584,-0.018142
0.0583,-0.018125
0.0582,-0.018084
0.0581,-0.018087
0.058,-0.018067
0.0579,-0.018012
0.0578,-0.01803
0.0577,-0.018004
0.0576,-0.017998
0.0575,-0.017981
0.0574,-0.017943
0.0573,-0.017935
0.0572,-0.017912
0.0571,-0.01786
0.057,-0.017848
0.0569,-0.017914
0.0568,-0.01784
0.0567,-0.017834
0.0566,-0.017811
0.0565,-0.017753
0.0564,-0.01775
0.0563,-0.017768
0.0562,-0.017748
0.0561,-0.017733
0.056,-0.017733
0.0559,-0.017722
0.0558,-0.017687
0.0557,-0.017679
0.0556,-0.017704
0.0555,-0.017667
0.0554,-0.017641
0.0553,-0.017621
0.0552,-0.017607
0.0551,-0.017615
0.055,-0.017618
0.0549,-0.017569
0.0548,-0.017572
0.0547,-0.017561
0.0546,-0.01752
0.0545,-0.017543
0.0544,-0.017474
0.0543,-0.017494
0.0542,-0.01746
0.0541,-0.01744
0.054,-0.017463
0.0539,-0.017443
0.0538,-0.017397
0.0537,-0.017365
0.0536,-0.017365
0.0535,-0.017313
0.0534,-0.017287
0.0533,-0.017235
0.0532,-0.01725
0.0531,-0.017276
0.053,-0.017224
0.0529,-0.017224
0.0528,-0.017169
0.0527,-0.017123
0.0526,-0.01712
0.0525,-0.01712
0.0524,-0.017089
0.0523,-0.017028
0.0522,-0.017046
0.0521,-0.016997
0.052,-0.016994
0.0519,-0.017008
0.0518,-0.016953
0.0517,-0.016933
0.0516,-0.01691
0.0515,-0.016864
0.0514,-0.016882
0.0513,-0.016841
0.0512,-0.016778
0.0511,-0.016784
0.051,-0.016764
0.0509,-0.016758
0.0508,-0.016718
0.0507,-0.01672
0.0506,-0.016729
0.0505,-0.01668
0.0504,-0.016666
0.0503,-0.0166
0.0502,-0.016577
0.0501,-0.016562
0.05,-0.016516
0.0499,-0.016525
0.0498,-0.016487
0.0497,-0.016456
0.0496,-0.016427
0.0495,-0.016436
0.0494,-0.016384
0.0493,-0.016326
0.0492,-0.016329
0.0491,-0.016315
0.049,-0.016323
0.0489,-0.016243
0.0488,-0.016208
0.0487,-0.016211
0.0486,-0.01622
0.0485,-0.016159
0.0484,-0.016168
0.0483,-0.016079
0.0482,-0.016056
0.0481,-0.016013
0.048,-0.01601
0.0479,-0.015938
0.0478,-0.015964
0.0477,-0.015906
0.0476,-0.015869
0.0475,-0.015828
0.0474,-0.015794
0.0473,-0.015774
0.0472,-0.015808
0.0471,-0.015759
0.047,-0.01567
0.0469,-0.015716
0.0468,-0.015682
0.0467,-0.015578
0.0466,-0.015578
0.0465,-0.015529
0.0464,-0.015509
0.0463,-0.015495
0.0462,-0.015474
0.0461,-0.015466
0.046,-0.015426
0.0459,-0.015368
0.0458,-0.015368
0.0457,-0.015345
0.0456,-0.015285
0.0455,-0.015296
0.0454,-0.015262
0.0453,-0.015253
0.0452,-0.015239
0.0451,-0.015164
0.045,-0.015123
0.0449,-0.015103
0.0448,-0.015008
0.0447,-0.01498
0.0446,-0.014997
0.0445,-0.014968
0.0444,-0.014962
0.0443,-0.014934
0.0442,-0.014905
0.0441,-0.014844
0.044,-0.014793
0.0439,-0.01481
0.0438,-0.014755
0.0437,-0.014758
0.0436,-0.01468
0.0435,-0.014652
0.0434,-0.01464
0.0433,-0.01464
0.0432,-0.014634
0.0431,-0.014608
0.043,-0.014525
0.0429,-0.014513
0.0428,-0.014499
0.0427,-0.014476
0.0426,-0.014442
0.0425,-0.014395
0.0424,-0.01437
0.0423,-0.014329
0.0422,-0.014344
0.0421,-0.014283
0.042,-0.014211
0.0419,-0.014257
0.0418,-0.014206
0.0417,-0.014203
0.0416,-0.01409
0.0415,-0.014079
0.0414,-0.01407
0.0413,-0.014047
0.0412,-0.014013
0.0411,-0.014027
0.041,-0.014007
0.0409,-0.013981
0.0408,-0.013909
0.0407,-0.013932
0.0406,-0.013883
0.0405,-0.013852
0.0404,-0.013829
0.0403,-0.013852
0.0402,-0.013834
0.0401,-0.013774
0.04,-0.013722
0.0399,-0.013659
0.0398,-0.013659
0.0397,-0.013604
0.0396,-0.013593
0.0395,-0.01357
0.0394,-0.013529
0.0393,-0.013529
0.0392,-0.013575
0.0391,-0.013552
0.039,-0.013486
0.0389,-0.013449
0.0388,-0.013446
0.0387,-0.013426
0.0386,-0.013319
0.0385,-0.013319
0.0384,-0.013265
0.0383,-0.013219
0.0382,-0.013152
0.0381,-0.013152
0.038,-0.013161
0.0379,-0.013184
0.0378,-0.013141
0.0377,-0.013092
0.0376,-0.013052
0.0375,-0.01302
0.0374,-0.013046
0.0373,-0.01298
0.0372,-0.012945
0.0371,-0.012916
0.037,-0.012931
0.0369,-0.012845
0.0368,-0.01285
0.0367,-0.012859
0.0366,-0.012804
0.0365,-0.012836
0.0364,-0.012781
0.0363,-0.012729
0.0362,-0.012735
0.0361,-0.012695
0.036,-0.012741
0.0359,-0.012678
0.0358,-0.01266
0.0357,-0.012626
0.0356,-0.012542
0.0355,-0.012534
0.0354,-0.012505
0.0353,-0.012496
0.0352,-0.012393
0.0351,-0.012364
0.035,-0.012324
0.0349,-0.012353
0.0348,-0.012378
0.0347,-0.012338
0.0346,-0.012327
0.0345,-0.012281
0.0344,-0.012258
0.0343,-0.01224
0.0342,-0.0122
0.0341,-0.012191
0.034,-0.012171
0.0339,-0.012168
0.0338,-0.012145
0.0337,-0.012082
0.0336,-0.012076
0.0335,-0.012019
0.0334,-0.011973
0.0333,-0.01201
0.0332,-0.01199
0.0331,-0.01197
0.033,-0.011941
0.0329,-0.011909
0.0328,-0.01184
0.0327,-0.011791
0.0326,-0.011814
0.0325,-0.011875
0.0324,-0.011829
0.0323,-0.01178
0.0322,-0.011748
0.0321,-0.011748
0.032,-0.011694
0.0319,-0.011691
0.0318,-0.011648
0.0317,-0.011671
0.0316,-0.011722
0.0315,-0.011688
0.0314,-0.011642
0.0313,-0.011662
0.0312,-0.011636
0.0311,-0.011659
0.031,-0.011584
0.0309,-0.011576
0.0308,-0.011584
0.0307,-0.011576
0.0306,-0.011507
0.0305,-0.011518
0.0304,-0.011475
0.0303,-0.011432
0.0302,-0.011495
0.0301,-0.011466
0.03,-0.011463
0.0299,-0.011432
0.0298,-0.011406
0.0297,-0.011368
0.0296,-0.011354
0.0295,-0.01136
0.0294,-0.011351
0.0293,-0.011276
0.0292,-0.01121
0.0291,-0.011187
0.029,-0.01119
0.0289,-0.01121
0.0288,-0.011156
0.0287,-0.011104
0.0286,-0.011147
0.0285,-0.011118
0.0284,-0.011092
0.0283,-0.01115
0.0282,-0.011144
0.0281,-0.011098
0.028,-0.011069
0.0279,-0.011118
0.0278,-0.011075
0.0277,-0.010992
0.0276,-0.010986
0.0275,-0.01104
0.0274,-0.011
0.0273,-0.011023
0.0272,-0.011063
0.0271,-0.011
0.027,-0.010937
0.0269,-0.010911
0.0268,-0.010879
0.0267,-0.010813
0.0266,-0.010802
0.0265,-0.010779
0.0264,-0.010761
0.0263,-0.010741
0.0262,-0.01071
0.0261,-0.01073
0.026,-0.010733
0.0259,-0.010712
0.0258,-0.010672
0.0257,-0.010704
0.0256,-0.010701
0.0255,-0.010641
0.0254,-0.01062
0.0253,-0.010643
0.0252,-0.010571
0.0251,-0.010571
0.025,-0.010612
0.0249,-0.010629
0.0248,-0.010543
0.0247,-0.010592
0.0246,-0.010594
0.0245,-0.010603
0.0244,-0.010511
0.0243,-0.010468
0.0242,-0.010451
0.0241,-0.010353
0.024,-0.010353
0.0239,-0.010376
0.0238,-0.010402
0.0237,-0.01035
0.0236,-0.010295
0.0235,-0.010243
0.0234,-0.010252
0.0233,-0.010212
0.0232,-0.010189
0.0231,-0.010209
0.023,-0.010171
0.0229,-0.010157
0.0228,-0.010077
0.0227,-0.010088
0.0226,-0.010068
0.0225,-0.010016
0.0224,-0.0099931
0.0223,-0.0099672
0.0222,-0.0099902
0.0221,-0.0099701
0.022,-0.0099154
0.0219,-0.0099528
0.0218,-0.0099413
0.0217,-0.0098924
0.0216,-0.009832
0.0215,-0.0098233
0.0214,-0.0098118
0.0213,-0.0098089
0.0212,-0.0098233
0.0211,-0.0097197
0.021,-0.0097284
0.0209,-0.0096996
0.0208,-0.0096708
0.0207,-0.0095931
0.0206,-0.0096478
0.0205,-0.0096363
0.0204,-0.0095212
0.0203,-0.0095586
0.0202,-0.0095615
0.0201,-0.0094924
0.02,-0.0094953
0.0199,-0.0094119
0.0198,-0.0094176
0.0197,-0.0093543
0.0196,-0.009363
0.0195,-0.0093716
0.0194,-0.0093572
0.0193,-0.0093313
0.0192,-0.0093284
0.0191,-0.0093083
0.019,-0.0093169
0.0189,-0.0092881
0.0188,-0.0092565
0.0187,-0.0092248
0.0186,-0.0091155
0.0185,-0.0090407
0.0184,-0.0091126
0.0183,-0.0091673
0.0182,-0.0090723
0.0181,-0.0090177
0.018,-0.0089831
0.0179,-0.009009
0.0178,-0.0089975
0.0177,-0.0089572
0.0176,-0.0089659
0.0175,-0.0090062
0.0174,-0.0089313
0.0173,-0.0089313
0.0172,-0.0089141
0.0171,-0.0088796
0.017,-0.0088652
0.0169,-0.008776
0.0168,-0.008868
0.0167,-0.0088019
0.0166,-0.0087443
0.0165,-0.0087127
0.0164,-0.008681
0.0163,-0.0086925
0.0162,-0.0086666
0.0161,-0.0086407
0.016,-0.0086321
0.0159,-0.0086177
0.0158,-0.0085026
0.0157,-0.008494
0.0156,-0.0085285
0.0155,-0.0085084
0.0154,-0.0084796
0.0153,-0.0084767
0.0152,-0.0084479
0.0151,-0.0084019
0.015,-0.0084595
0.0149,-0.0084652
0.0148,-0.0084249
0.0147,-0.0082983
0.0146,-0.0082868
0.0145,-0.0082696
0.0144,-0.0081976
0.0143,-0.0081688
0.0142,-0.0081688
0.0141,-0.0082178
0.014,-0.0081142
0.0139,-0.0080681
0.0138,-0.008048
0.0137,-0.0080624
0.0136,-0.0080336
0.0135,-0.0080307
0.0134,-0.0080279
0.0133,-0.008071
0.0132,-0.0080279
0.0131,-0.0079617
0.013,-0.0079473
0.0129,-0.0079818
0.0128,-0.0079732
0.0127,-0.0079991
0.0126,-0.0078984
0.0125,-0.007861
0.0124,-0.0078207
0.0123,-0.0078408
0.0122,-0.0077344
0.0121,-0.0077487
0.012,-0.0078005
0.0119,-0.00772
0.0118,-0.0076452
0.0117,-0.007648
0.0116,-0.0076538
0.0115,-0.0076308
0.0114,-0.0075128
0.0113,-0.0074725
0.0112,-0.0074754
0.0111,-0.0074754
0.011,-0.0074553
0.0109,-0.0074581
0.0108,-0.0073804
0.0107,-0.0073603
0.0106,-0.0073862
0.0105,-0.0073661
0.0104,-0.007438
0.0103,-0.0073545
0.0102,-0.0073862
0.0101,-0.007297
0.01,-0.0072682
0.0099,-0.007202
0.0098,-0.0072279
0.0097,-0.0071877
0.0096,-0.0071905
0.0095,-0.0071934
0.0094,-0.0071013
0.0093,-0.007179
0.0092,-0.0070927
0.0091,-0.0070697
0.009,-0.0070582
0.0089,-0.006946
0.0088,-0.0069978
0.0087,-0.006992
0.0086,-0.007015
0.0085,-0.0069402
0.0084,-0.0068683
0.0083,-0.0067532
0.0082,-0.0067043
0.0081,-0.0067129
0.008,-0.0066611
0.0079,-0.0066669
0.0078,-0.0065403
0.0077,-0.0065662
0.0076,-0.0064913
0.0075,-0.006546
0.0074,-0.0065431
0.0073,-0.0064798
0.0072,-0.0064395
0.0071,-0.0065028
0.007,-0.0064597
0.0069,-0.0064165
0.0068,-0.0063647
0.0067,-0.0063273
0.0066,-0.0062928
0.0065,-0.0062439
0.0064,-0.006241
0.0063,-0.0062036
0.0062,-0.0061662
0.0061,-0.0061604
0.006,-0.0061547
0.0059,-0.0060885
0.0058,-0.0060482
0.0057,-0.0062727
0.0056,-0.0063216
0.0055,-0.0062583
0.0054,-0.0062468
0.0053,-0.0062727
0.0052,-0.0063072
0.0051,-0.0063043
0.005,-0.0062468
0.0049,-0.0062324
0.0048,-0.0061662
0.0047,-0.0062007
0.0046,-0.0062036
0.0045,-0.0061835
0.0044,-0.0061978
0.0043,-0.0060943
0.0042,-0.0059878
0.0041,-0.0060425
0.004,-0.00589
0.0039,-0.005818
0.0038,-0.0057576
0.0037,-0.0057691
0.0036,-0.0057029
0.0035,-0.0057202
0.0034,-0.0056655
0.0033,-0.0055361
0.0032,-0.0054526
0.0031,-0.005444
0.003,-0.0054066
0.0029,-0.0053203
0.0028,-0.0052368
0.0027,-0.0052828
0.0026,-0.0051591
0.0025,-0.0050239
0.0024,-0.0049519
0.0023,-0.0049088
0.0022,-0.0048829
0.0021,-0.004811
0.002,-0.0047275
0.0019,-0.0047764
0.0018,-0.0046642
0.0017,-0.0046757
0.0016,-0.0045664
0.0015,-0.0044513
0.0014,-0.0044168
0.0013,-0.0044196
0.0012,-0.0043563
0.0011,-0.0042988
0.001,-0.0042556
0.0009,-0.0041607
0.0008,-0.004083
0.0007,-0.0040283
0.0006,-0.0039305
0.0005,-0.0039852
0.0004,-0.0039334
0.0003,-0.0037578
0.0002,-0.0036715
0.0001,-0.0035392
0,-0.0035018
-0.0001,-0.0034471
-0.0002,-0.0033406
-0.0003,-0.0033032
-0.0004,-0.003237
-0.0005,-0.0031133
-0.0006,-0.0030011
-0.0007,-0.0029522
-0.0008,-0.0029119
-0.0009,-0.0028659
-0.001,-0.0028745
-0.0011,-0.0027249
-0.0012,-0.0025868
-0.0013,-0.0025896
-0.0014,-0.0024774
-0.0015,-0.0023479
-0.0016,-0.0022501
-0.0017,-0.0021724
-0.0018,-0.0021264
-0.0019,-0.0020487
-0.002,-0.0019192
-0.0021,-0.0018559
-0.0022,-0.0017868
-0.0023,-0.0017178
-0.0024,-0.001548
-0.0025,-0.0015854
-0.0026,-0.0014531
-0.0027,-0.0012948
-0.0028,-0.0012804
-0.0029,-0.0011452
-0.003,-0.0010934
-0.0031,-0.00099845
-0.0032,-0.00090349
-0.0033,-0.00082868
-0.0034,-0.00071934
-0.0035,-0.0006359
-0.0036,-0.00058123
-0.0037,-0.00042585
-0.0038,-0.00034816
-0.0039,-0.00022443
-0.004,-0.00013524
-0.0041,-5.1793e-05
-0.0042,9.783e-05
-0.0043,0.00018127
-0.0044,0.00023882
-0.0045,0.0002791
-0.0046,0.00042297
-0.0047,0.00051793
-0.0048,0.00066467
-0.0049,0.00079991
-0.005,0.00084307
-0.0051,0.00093514
-0.0052,0.0010502
-0.0053,0.0011567
-0.0054,0.0012315
-0.0055,0.0014099
-0.0056,0.0015135
-0.0057,0.0015365
-0.0058,0.0016631
-0.0059,0.0017437
-0.006,0.0019077
-0.0061,0.0020199
-0.0062,0.0020659
-0.0063,0.0021005
-0.0064,0.0022933
-0.0065,0.0024458
-0.0066,0.00244
-0.0067,0.0025321
-0.0068,0.0026069
-0.0069,0.0026788
-0.007,0.0028486
-0.0071,0.002909
-0.0072,0.0028774
-0.0073,0.0031219
-0.0074,0.0032543
-0.0075,0.0033377
-0.0076,0.0034097
-0.0077,0.0034701
-0.0078,0.0035507
-0.0079,0.0037032
-0.008,0.0038672
-0.0081,0.0039075
-0.0082,0.0040887
-0.0083,0.0041578
-0.0084,0.0042729
-0.0085,0.0043909
-0.0086,0.0045693
-0.0087,0.0046153
-0.0088,0.004762
-0.0089,0.004762
-0.009,0.0048599
-0.0091,0.0049922
-0.0092,0.0050383
-0.0093,0.005303
-0.0094,0.0053231
-0.0095,0.0054152
-0.0096,0.0055188
-0.0097,0.005608
-0.0098,0.0056914
-0.0099,0.0058411
-0.01,0.0059274
-0.0101,0.006123
-0.0102,0.006218
-0.0103,0.0063762
-0.0104,0.0063273
-0.0105,0.0065057
-0.0106,0.0065805
-0.0107,0.0066496
-0.0108,0.006664
-0.0109,0.0068596
-0.011,0.0069805
-0.0111,0.0070064
-0.0112,0.0070956
-0.0113,0.0072337
-0.0114,0.0073862
-0.0115,0.0074639
-0.0116,0.0075416
-0.0117,0.007579
-0.0118,0.0077459
-0.0119,0.0078696
-0.012,0.0080192
-0.0121,0.0082149
-0.0122,0.0083875
-0.0123,0.008353
-0.0124,0.0084997
-0.0125,0.0085343
-0.0126,0.0086609
-0.0127,0.0087904
-0.0128,0.0088623
-0.0129,0.0089429
-0.013,0.0090925
-0.0131,0.0092536
-0.0132,0.0093687
-0.0133,0.0094004
-0.0134,0.0095298
-0.0135,0.0096536
-0.0136,0.0097313
-0.0137,0.0097974
-0.0138,0.0098463
-0.0139,0.010013
-0.014,0.010212
-0.0141,0.010223
-0.0142,0.010336
-0.0143,0.010502
-0.0144,0.010678
-0.0145,0.01077
-0.0146,0.010738
-0.0147,0.010839
-0.0148,0.011049
-0.0149,0.011012
-0.015,0.011242
-0.0151,0.011371
-0.0152,0.011486
-0.0153,0.011466
-0.0154,0.011587
-0.0155,0.011665
-0.0156,0.011812
-0.0157,0.011835
-0.0158,0.011907
-0.0159,0.012122
-0.016,0.012275
-0.0161,0.012401
-0.0162,0.012485
-0.0163,0.012583
-0.0164,0.012747
-0.0165,0.012847
-0.0166,0.012893
-0.0167,0.013023
-0.0168,0.013127
-0.0169,0.013233
-0.017,0.013173
-0.0171,0.013319
-0.0172,0.013506
-0.0173,0.013527
-0.0174,0.013682
-0.0175,0.013665
-0.0176,0.013803
-0.0177,0.013941
-0.0178,0.014119
-0.0179,0.014254
-0.018,0.01445
-0.0181,0.014516
-0.0182,0.014706
-0.0183,0.014747
-0.0184,0.014781
-0.0185,0.014931
-0.0186,0.015063
-0.0187,0.015198
-0.0188,0.015213
-0.0189,0.015345
-0.019,0.0154
-0.0191,0.015497
-0.0192,0.015584
-0.0193,0.015702
-0.0194,0.015889
-0.0195,0.015897
-0.0196,0.016151
-0.0197,0.016289
-0.0198,0.016277
-0.0199,0.016277
-0.02,0.016401
-0.0201,0.016597
-0.0202,0.016637
-0.0203,0.016671
-0.0204,0.016792
-0.0205,0.01691
-0.0206,0.017132
-0.0207,0.017146
-0.0208,0.017281
-0.0209,0.017348
-0.021,0.017517
-0.0211,0.017776
-0.0212,0.017851
-0.0213,0.017854
-0.0214,0.018047
-0.0215,0.018076
-0.0216,0.018053
-0.0217,0.018219
-0.0218,0.018343
-0.0219,0.018383
-0.022,0.018648
-0.0221,0.018645
-0.0222,0.018781
-0.0223,0.018988
-0.0224,0.019065
-0.0225,0.019298
-0.0226,0.019278
-0.0227,0.019419
-0.0228,0.019468
-0.0229,0.019716
-0.023,0.019704
-0.0231,0.019865
-0.0232,0.019923
-0.0233,0.019983
-0.0234,0.020176
-0.0235,0.020179
-0.0236,0.020308
-0.0237,0.020331
-0.0238,0.020383
-0.0239,0.020424
-0.024,0.020737
-0.0241,0.020872
-0.0242,0.020941
-0.0243,0.021045
-0.0244,0.021212
-0.0245,0.021341
-0.0246,0.021272
-0.0247,0.021413
-0.0248,0.021698
-0.0249,0.021874
-0.025,0.021845
-0.0251,0.021977
-0.0252,0.022018
-0.0253,0.022219
-0.0254,0.022219
-0.0255,0.022302
-0.0256,0.02257
-0.0257,0.022731
-0.0258,0.022806
-0.0259,0.022846
-0.026,0.023013
-0.0261,0.023157
-0.0262,0.023243
-0.0263,0.023258
-0.0264,0.023439
-0.0265,0.0236
-0.0266,0.023741
-0.0267,0.023874
-0.0268,0.023865
-0.0269,0.024075
-0.027,0.024132
-0.0271,0.024155
-0.0272,0.024233
-0.0273,0.024374
-0.0274,0.024443
-0.0275,0.02457
-0.0276,0.024809
-0.0277,0.024837
-0.0278,0.024906
-0.0279,0.025053
-0.028,0.025194
-0.0281,0.02522
-0.0282,0.02535
-0.0283,0.025387
-0.0284,0.02558
-0.0285,0.025824
-0.0286,0.025752
-0.0287,0.025919
-0.0288,0.026147
-0.0289,0.026285
-0.029,0.026345
-0.0291,0.026426
-0.0292,0.026437
-0.0293,0.026673
-0.0294,0.026719
-0.0295,0.026889
-0.0296,0.026981
-0.0297,0.027148
-0.0298,0.027191
-0.0299,0.02728
-0.03,0.027275
-0.03,0.027436
-0.0299,0.027312
-0.0298,0.027237
-0.0297,0.027214
-0.0296,0.027128
-0.0295,0.027122
-0.0294,0.026987
-0.0293,0.026852
-0.0292,0.026806
-0.0291,0.026601
-0.029,0.026552
-0.0289,0.026478
-0.0288,0.02625
-0.0287,0.026265
-0.0286,0.026086
-0.0285,0.026075
-0.0284,0.026029
-0.0283,0.025974
-0.0282,0.025899
-0.0281,0.025767
-0.028,0.025637
-0.0279,0.025358
-0.0278,0.025375
-0.0277,0.025361
-0.0276,0.02537
-0.0275,0.02507
-0.0274,0.024999
-0.0273,0.024817
-0.0272,0.024662
-0.0271,0.024564
-0.027,0.024639
-0.0269,0.024484
-0.0268,0.024458
-0.0267,0.024345
-0.0266,0.024248
-0.0265,0.024164
-0.0264,0.024049
-0.0263,0.02394
-0.0262,0.02362
-0.0261,0.023761
-0.026,0.023661
-0.0259,0.023531
-0.0258,0.023367
-0.0257,0.02322
-0.0256,0.023128
-0.0255,0.023059
-0.0254,0.022964
-0.0253,0.022748
-0.0252,0.022561
-0.0251,0.022556
-0.025,0.022484
-0.0249,0.022297
-0.0248,0.022161
-0.0247,0.021943
-0.0246,0.021946
-0.0245,0.021954
-0.0244,0.021739
-0.0243,0.021793
-0.0242,0.021626
-0.0241,0.021405
-0.024,0.021385
-0.0239,0.021376
-0.0238,0.021235
-0.0237,0.021036
-0.0236,0.020901
-0.0235,0.020875
-0.0234,0.020806
-0.0233,0.020547
-0.0232,0.020498
-0.0231,0.020524
-0.023,0.020283
-0.0229,0.020035
-0.0228,0.020026
-0.0227,0.019894
-0.0226,0.019768
-0.0225,0.019788
-0.0224,0.01946
-0.0223,0.019336
-0.0222,0.019393
-0.0221,0.019313
-0.022,0.019221
-0.0219,0.018973
-0.0218,0.018884
-0.0217,0.018806
-0.0216,0.018571
-0.0215,0.018467
-0.0214,0.01836
-0.0213,0.018248
-0.0212,0.018248
-0.0211,0.018102
-0.021,0.017955
-0.0209,0.017883
-0.0208,0.017949
-0.0207,0.017797
-0.0206,0.017742
-0.0205,0.01748
-0.0204,0.017445
-0.0203,0.017399
-0.0202,0.017161
-0.0201,0.017008
-0.02,0.016876
-0.0199,0.01685
-0.0198,0.016712
-0.0197,0.0166
-0.0196,0.016507
-0.0195,0.016361
-0.0194,0.016277
-0.0193,0.016154
-0.0192,0.016027
-0.0191,0.016102
-0.019,0.015906
-0.0189,0.015739
-0.0188,0.015552
-0.0187,0.015549
-0.0186,0.015546
-0.0185,0.015426
-0.0184,0.015357
-0.0183,0.015207
-0.0182,0.015031
-0.0181,0.015023
-0.018,0.014853
-0.0179,0.01468
-0.0178,0.014582
-0.0177,0.01443
-0.0176,0.014387
-0.0175,0.014306
-0.0174,0.014157
-0.0173,0.013964
-0.0172,0.013878
-0.0171,0.013771
-0.017,0.013685
-0.0169,0.013515
-0.0168,0.013374
-0.0167,0.013276
-0.0166,0.013187
-0.0165,0.013106
-0.0164,0.012997
-0.0163,0.012974
-0.0162,0.012847
-0.0161,0.012666
-0.016,0.012528
-0.0159,0.012436
-0.0158,0.012376
-0.0157,0.012309
-0.0156,0.012096
-0.0155,0.011901
-0.0154,0.011817
-0.0153,0.011722
-0.0152,0.011783
-0.0151,0.011604
-0.015,0.011432
-0.0149,0.011325
-0.0148,0.011138
-0.0147,0.011153
-0.0146,0.011153
-0.0145,0.010917
-0.0144,0.010776
-0.0143,0.010764
-0.0142,0.010471
-0.0141,0.010448
-0.014,0.010456
-0.0139,0.010146
-0.0138,0.010002
-0.0137,0.0099097
-0.0136,0.0098694
-0.0135,0.0097715
-0.0134,0.0096795
-0.0133,0.0094234
-0.0132,0.0092881
-0.0131,0.0092709
-0.013,0.0092018
-0.0129,0.0091097
-0.0128,0.0090177
-0.0127,0.0089745
-0.0126,0.0088911
-0.0125,0.0086551
-0.0124,0.008563
-0.0123,0.0085084
-0.0122,0.0083559
-0.0121,0.0082293
-0.012,0.0080106
-0.0119,0.0079588
-0.0118,0.0078466
-0.0117,0.0077919
-0.0116,0.007648
-0.0115,0.0074581
-0.0114,0.0074409
-0.0113,0.0074063
-0.0112,0.0073488
-0.0111,0.0072337
-0.011,0.0070265
-0.0109,0.0068194
-0.0108,0.0067647
-0.0107,0.006664
-0.0106,0.006523
-0.0105,0.0063993
-0.0104,0.0063245
-0.0103,0.006195
-0.0102,0.0060396
-0.0101,0.0059101
-0.01,0.0057519
-0.0099,0.0057749
-0.0098,0.0056828
-0.0097,0.0054526
-0.0096,0.0054008
-0.0095,0.0053461
-0.0094,0.0051332
-0.0093,0.005067
-0.0092,0.0049145
-0.0091,0.0048541
-0.009,0.0047534
-0.0089,0.0047563
-0.0088,0.0045606
-0.0087,0.0044168
-0.0086,0.0043017
-0.0085,0.0042556
-0.0084,0.0041607
-0.0083,0.0040139
-0.0082,0.0039823
-0.0081,0.0038442
-0.008,0.0037348
-0.0079,0.003542
-0.0078,0.003401
-0.0077,0.0032083
-0.0076,0.0030932
-0.0075,0.0030874
-0.0074,0.0029752
-0.0073,0.0029263
-0.0072,0.0027249
-0.0071,0.0026616
-0.007,0.0025292
-0.0069,0.002486
-0.0068,0.0022789
-0.0067,0.002112
-0.0066,0.0020458
-0.0065,0.0020084
-0.0064,0.0019365
-0.0063,0.0018329
-0.0062,0.0015998
-0.0061,0.0015049
-0.006,0.0013639
-0.0059,0.0012401
-0.0058,0.0011366
-0.0057,0.0010675
-0.0056,0.00090062
-0.0055,0.0006733
-0.0054,0.00061288
-0.0053,0.00050066
-0.0052,0.00044887
-0.0051,0.00042873
-0.005,0.00031076
-0.0049,0.00010646
-0.0048,9.2076e-05
-0.0047,-7.4812e-05
-0.0046,-0.00020717
-0.0045,-0.00032802
-0.0044,-0.00050642
-0.0043,-0.00060425
-0.0042,-0.00073661
-0.0041,-0.00079128
-0.004,-0.00086896
-0.0039,-0.0011481
-0.0038,-0.0012085
-0.0037,-0.0012286
-0.0036,-0.0012776
-0.0035,-0.0014444
-0.0034,-0.0014905
-0.0033,-0.0016718
-0.0032,-0.0018156
-0.0031,-0.0018099
-0.003,-0.0019969
-0.0029,-0.002089
-0.0028,-0.0022041
-0.0027,-0.0022702
-0.0026,-0.0024055
-0.0025,-0.0024774
-0.0024,-0.0026702
-0.0023,-0.002745
-0.0022,-0.0028687
-0.0021,-0.0029234
-0.002,-0.0030615
-0.0019,-0.0032428
-0.0018,-0.0032917
-0.0017,-0.0033752
-0.0016,-0.0035046
-0.0015,-0.0036284
-0.0014,-0.0037032
-0.0013,-0.0038096
-0.0012,-0.0039736
-0.0011,-0.004011
-0.001,-0.0041175
-0.0009,-0.0043563
-0.0008,-0.0044139
-0.0007,-0.0044887
-0.0006,-0.0045923
-0.0005,-0.0046872
-0.0004,-0.004811
-0.0003,-0.0049376
-0.0002,-0.0050411
-0.0001,-0.0051246
0,-0.0052109
0.0001,-0.0052167
0.0002,-0.0054699
0.0003,-0.0055217
0.0004,-0.0056166
0.0005,-0.005677
0.0006,-0.0059187
0.0007,-0.0060396
0.0008,-0.0060914
0.0009,-0.006172
0.001,-0.006287
0.0011,-0.006405
0.0012,-0.0064511
0.0013,-0.0065201
0.0014,-0.0066812
0.0015,-0.0068194
0.0016,-0.0069517
0.0017,-0.0070726
0.0018,-0.0071215
0.0019,-0.0072366
0.002,-0.0074437
0.0021,-0.0075445
0.0022,-0.0076452
0.0023,-0.007766
0.0024,-0.0077775
0.0025,-0.0079214
0.0026,-0.008025
0.0027,-0.0081171
0.0028,-0.0082465
0.0029,-0.0083472
0.003,-0.008494
0.0031,-0.0085285
0.0032,-0.0086638
0.0033,-0.0087184
0.0034,-0.0089285
0.0035,-0.0090522
0.0036,-0.0091011
0.0037,-0.0092363
0.0038,-0.0093083
0.0039,-0.0093888
0.004,-0.0095356
0.0041,-0.0096507
0.0042,-0.0097226
0.0043,-0.0097485
0.0044,-0.0098838
0.0045,-0.010007
0.0046,-0.010114
0.0047,-0.0102
0.0048,-0.010327
0.0049,-0.010405
0.005,-0.010577
0.0051,-0.010687
0.0052,-0.010727
0.0053,-0.010825
0.0054,-0.01083
0.0055,-0.01092
0.0056,-0.010966
0.0057,-0.011184
0.0058,-0.011297
0.0059,-0.011276
0.006,-0.011391
0.0061,-0.011472
0.0062,-0.011581
0.0063,-0.011728
0.0064,-0.011791
0.0065,-0.011829
0.0066,-0.011892
0.0067,-0.011987
0.0068,-0.012076
0.0069,-0.012048
0.007,-0.012119
0.0071,-0.012309
0.0072,-0.012367
0.0073,-0.012407
0.0074,-0.012496
0.0075,-0.012502
0.0076,-0.012609
0.0077,-0.01262
0.0078,-0.012715
0.0079,-0.012764
0.008,-0.01279
0.0081,-0.012839
0.0082,-0.012914
0.0083,-0.013032
0.0084,-0.013049
0.0085,-0.013173
0.0086,-0.013221
0.0087,-0.013184
0.0088,-0.013201
0.0089,-0.01323
0.009,-0.013219
0.0091,-0.013221
0.0092,-0.013299
0.0093,-0.01327
0.0094,-0.013308
0.0095,-0.013411
0.0096,-0.013296
0.0097,-0.013342
0.0098,-0.013388
0.0099,-0.013357
0.01,-0.013409
0.0101,-0.013429
0.0102,-0.013434
0.0103,-0.013426
0.0104,-0.013486
0.0105,-0.013501
0.0106,-0.013564
0.0107,-0.013624
0.0108,-0.01367
0.0109,-0.013688
0.011,-0.013722
0.0111,-0.013716
0.0112,-0.01376
0.0113,-0.01376
0.0114,-0.013806
0.0115,-0.013748
0.0116,-0.01378
0.0117,-0.013794
0.0118,-0.013754
0.0119,-0.01386
0.012,-0.013846
0.0121,-0.01376
0.0122,-0.013757
0.0123,-0.013748
0.0124,-0.013691
0.0125,-0.013734
0.0126,-0.013702
0.0127,-0.01376
0.0128,-0.013696
0.0129,-0.013711
0.013,-0.013832
0.0131,-0.013791
0.0132,-0.013817
0.0133,-0.013889
0.0134,-0.013855
0.0135,-0.013901
0.0136,-0.013806
0.0137,-0.013817
0.0138,-0.013814
0.0139,-0.013855
0.014,-0.013829
0.0141,-0.013878
0.0142,-0.013926
0.0143,-0.01388
0.0144,-0.01386
0.0145,-0.013878
0.0146,-0.013869
0.0147,-0.013866
0.0148,-0.013912
0.0149,-0.013883
0.015,-0.013866
0.0151,-0.013823
0.0152,-0.013906
0.0153,-0.013878
0.0154,-0.013941
0.0155,-0.013909
0.0156,-0.013941
0.0157,-0.013967
0.0158,-0.014004
0.0159,-0.013972
0.016,-0.013935
0.0161,-0.01397
0.0162,-0.013964
0.0163,-0.013993
0.0164,-0.01409
0.0165,-0.014111
0.0166,-0.014082
0.0167,-0.014088
0.0168,-0.014122
0.0169,-0.014148
0.017,-0.014076
0.0171,-0.014062
0.0172,-0.014148
0.0173,-0.014108
0.0174,-0.014088
0.0175,-0.014174
0.0176,-0.014154
0.0177,-0.014105
0.0178,-0.014131
0.0179,-0.014113
0.018,-0.014119
0.0181,-0.014171
0.0182,-0.014188
0.0183,-0.014217
0.0184,-0.014206
0.0185,-0.014214
0.0186,-0.014214
0.0187,-0.014171
0.0188,-0.014024
0.0189,-0.014021
0.019,-0.013972
0.0191,-0.014013
0.0192,-0.013981
0.0193,-0.014056
0.0194,-0.01401
0.0195,-0.014004
0.0196,-0.01401
0.0197,-0.013984
0.0198,-0.013944
0.0199,-0.01403
0.02,-0.014042
0.0201,-0.01397
0.0202,-0.013964
0.0203,-0.014102
0.0204,-0.014119
0.0205,-0.01407
0.0206,-0.014093
0.0207,-0.01407
0.0208,-0.014065
0.0209,-0.014065
0.021,-0.014056
0.0211,-0.01405
0.0212,-0.014007
0.0213,-0.01399
0.0214,-0.014059
0.0215,-0.014108
0.0216,-0.014056
0.0217,-0.014085
0.0218,-0.014154
0.0219,-0.014154
0.022,-0.014177
0.0221,-0.014223
0.0222,-0.014214
0.0223,-0.014303
0.0224,-0.014286
0.0225,-0.014243
0.0226,-0.014329
0.0227,-0.014361
0.0228,-0.014312
0.0229,-0.014286
0.023,-0.014404
0.0231,-0.014378
0.0232,-0.014416
0.0233,-0.014442
0.0234,-0.014364
0.0235,-0.014444
0.0236,-0.014459
0.0237,-0.014436
0.0238,-0.014387
0.0239,-0.014433
0.024,-0.014508
0.0241,-0.014459
0.0242,-0.014456
0.0243,-0.014499
0.0244,-0.014542
0.0245,-0.014534
0.0246,-0.014551
0.0247,-0.014525
0.0248,-0.014539
0.0249,-0.014545
0.025,-0.014588
0.0251,-0.0146
0.0252,-0.014574
0.0253,-0.014534
0.0254,-0.014545
0.0255,-0.014577
0.0256,-0.014554
0.0257,-0.014585
0.0258,-0.01466
0.0259,-0.014663
0.026,-0.014669
0.0261,-0.014715
0.0262,-0.014689
0.0263,-0.014637
0.0264,-0.014652
0.0265,-0.014767
0.0266,-0.014758
0.0267,-0.014764
0.0268,-0.014781
0.0269,-0.014816
0.027,-0.014856
0.0271,-0.014847
0.0272,-0.014859
0.0273,-0.014856
0.0274,-0.014862
0.0275,-0.014934
0.0276,-0.014954
0.0277,-0.014948
0.0278,-0.014959
0.0279,-0.014991
0.028,-0.015008
0.0281,-0.014991
0.0282,-0.014957
0.0283,-0.014919
0.0284,-0.014867
0.0285,-0.014934
0.0286,-0.014939
0.0287,-0.014925
0.0288,-0.014977
0.0289,-0.014997
0.029,-0.01498
0.0291,-0.015005
0.0292,-0.015054
0.0293,-0.015052
0.0294,-0.015011
0.0295,-0.015054
0.0296,-0.015092
0.0297,-0.015092
0.0298,-0.015103
0.0299,-0.015089
0.03,-0.015123
0.0301,-0.015123
0.0302,-0.015144
0.0303,-0.015233
0.0304,-0.015175
0.0305,-0.0151
0.0306,-0.015103
0.0307,-0.015158
0.0308,-0.015213
0.0309,-0.015187
0.031,-0.015195
0.0311,-0.015285
0.0312,-0.015282
0.0313,-0.015305
0.0314,-0.015279
0.0315,-0.015279
0.0316,-0.015253
0.0317,-0.015296
0.0318,-0.015293
0.0319,-0.015374
0.032,-0.015403
0.0321,-0.015385
0.0322,-0.015377
0.0323,-0.015397
0.0324,-0.015371
0.0325,-0.015382
0.0326,-0.015417
0.0327,-0.015394
0.0328,-0.015431
0.0329,-0.01546
0.033,-0.015483
0.0331,-0.015489
0.0332,-0.015495
0.0333,-0.015535
0.0334,-0.015434
0.0335,-0.015512
0.0336,-0.015477
0.0337,-0.015526
0.0338,-0.01548
0.0339,-0.015492
0.034,-0.015503
0.0341,-0.015587
0.0342,-0.015552
0.0343,-0.015567
0.0344,-0.015541
0.0345,-0.015572
0.0346,-0.015592
0.0347,-0.015601
0.0348,-0.015584
0.0349,-0.015578
0.035,-0.015558
0.0351,-0.015532
0.0352,-0.015544
0.0353,-0.015578
0.0354,-0.015581
0.0355,-0.015607
0.0356,-0.015572
0.0357,-0.015581
0.0358,-0.015503
0.0359,-0.015529
0.036,-0.015541
0.0361,-0.015538
0.0362,-0.015492
0.0363,-0.01546
0.0364,-0.01548
0.0365,-0.01546
0.0366,-0.015532
0.0367,-0.015569
0.0368,-0.015587
0.0369,-0.015552
0.037,-0.015532
0.0371,-0.015581
0.0372,-0.015567
0.0373,-0.01561
0.0374,-0.015598
0.0375,-0.015662
0.0376,-0.015667
0.0377,-0.015636
0.0378,-0.015618
0.0379,-0.015627
0.038,-0.015638
0.0381,-0.015667
0.0382,-0.015685
0.0383,-0.015702
0.0384,-0.01571
0.0385,-0.015613
0.0386,-0.015587
0.0387,-0.015624
0.0388,-0.015572
0.0389,-0.015595
0.039,-0.015621
0.0391,-0.015647
0.0392,-0.015667
0.0393,-0.015647
0.0394,-0.015725
0.0395,-0.015777
0.0396,-0.015702
0.0397,-0.015705
0.0398,-0.015653
0.0399,-0.015644
0.04,-0.01565
0.0401,-0.015662
0.0402,-0.015641
0.0403,-0.015633
0.0404,-0.015618
0.0405,-0.01569
0.0406,-0.015702
0.0407,-0.01569
0.0408,-0.01571
0.0409,-0.015731
0.041,-0.015713
0.0411,-0.015702
0.0412,-0.015751
0.0413,-0.015728
0.0414,-0.015759
0.0415,-0.015748
0.0416,-0.015713
0.0417,-0.015739
0.0418,-0.015713
0.0419,-0.015748
0.042,-0.015768
0.0421,-0.015805
0.0422,-0.015777
0.0423,-0.015817
0.0424,-0.015805
0.0425,-0.015823
0.0426,-0.01584
0.0427,-0.015892
0.0428,-0.015874
0.0429,-0.015877
0.043,-0.015872
0.0431,-0.015895
0.0432,-0.015892
0.0433,-0.015929
0.0434,-0.015932
0.0435,-0.01601
0.0436,-0.01603
0.0437,-0.016044
0.0438,-0.016007
0.0439,-0.016061
0.044,-0.016059
0.0441,-0.016084
0.0442,-0.016128
0.0443,-0.016131
0.0444,-0.016105
0.0445,-0.016171
0.0446,-0.016162
0.0447,-0.016154
0.0448,-0.016185
0.0449,-0.016231
0.045,-0.016283
0.0451,-0.016237
0.0452,-0.01622
0.0453,-0.016237
0.0454,-0.016257
0.0455,-0.016292
0.0456,-0.016309
0.0457,-0.016329
0.0458,-0.016375
0.0459,-0.016398
0.046,-0.016412
0.0461,-0.016427
0.0462,-0.016502
0.0463,-0.016528
0.0464,-0.016548
0.0465,-0.016548
0.0466,-0.016556
0.0467,-0.016579
0.0468,-0.01662
0.0469,-0.016643
0.047,-0.016671
0.0471,-0.016723
0.0472,-0.016694
0.0473,-0.016715
0.0474,-0.016732
0.0475,-0.016772
0.0476,-0.016833
0.0477,-0.01689
0.0478,-0.016833
0.0479,-0.016835
0.048,-0.016821
0.0481,-0.016876
0.0482,-0.016951
0.0483,-0.016905
0.0484,-0.016942
0.0485,-0.016968
0.0486,-0.017008
0.0487,-0.016999
0.0488,-0.017031
0.0489,-0.01702
0.049,-0.017028
0.0491,-0.017089
0.0492,-0.01708
0.0493,-0.017092
0.0494,-0.017161
0.0495,-0.01714
0.0496,-0.017175
0.0497,-0.01721
0.0498,-0.017261
0.0499,-0.017238
0.05,-0.017293
0.0501,-0.017293
0.0502,-0.017345
0.0503,-0.017333
0.0504,-0.017316
0.0505,-0.017325
0.0506,-0.01733
0.0507,-0.017385
0.0508,-0.017408
0.0509,-0.017394
0.051,-0.01742
0.0511,-0.017454
0.0512,-0.017463
0.0513,-0.017486
0.0514,-0.017526
0.0515,-0.017561
0.0516,-0.017584
0.0517,-0.017584
0.0518,-0.017549
0.0519,-0.017612
0.052,-0.017624
0.0521,-0.017653
0.0522,-0.017656
0.0523,-0.017707
0.0524,-0.017725
0.0525,-0.017704
0.0526,-0.017725
0.0527,-0.017759
0.0528,-0.017739
0.0529,-0.017779
0.053,-0.017788
0.0531,-0.017768
0.0532,-0.017802
0.0533,-0.01784
0.0534,-0.017868
0.0535,-0.017854
0.0536,-0.017874
0.0537,-0.017874
0.0538,-0.017863
0.0539,-0.017837
0.054,-0.017877
0.0541,-0.017897
0.0542,-0.017891
0.0543,-0.017932
0.0544,-0.017955
0.0545,-0.01792
0.0546,-0.017938
0.0547,-0.017955
0.0548,-0.017958
0.0549,-0.017963
0.055,-0.018004
0.0551,-0.017966
0.0552,-0.017969
0.0553,-0.017972
0.0554,-0.017984
0.0555,-0.017984
0.0556,-0.017989
0.0557,-0.018044
0.0558,-0.01803
0.0559,-0.018053
0.056,-0.018107
0.0561,-0.018122
0.0562,-0.018096
0.0563,-0.01809
0.0564,-0.018142
0.0565,-0.018162
0.0566,-0.018148
0.0567,-0.01813
0.0568,-0.01811
0.0569,-0.018145
0.057,-0.01815
0.0571,-0.018136
0.0572,-0.018116
0.0573,-0.018125
0.0574,-0.018145
0.0575,-0.018133
0.0576,-0.018113
0.0577,-0.018142
0.0578,-0.018176
0.0579,-0.01815
0.058,-0.01815
0.0581,-0.018136
0.0582,-0.018165
0.0583,-0.018191
0.0584,-0.018159
0.0585,-0.01813
0.0586,-0.018139
0.0587,-0.01815
0.0588,-0.018194
0.0589,-0.018211
0.059,-0.018205
0.0591,-0.018228
0.0592,-0.018219
0.0593,-0.018214
0.0594,-0.018222
0.0595,-0.018222
0.0596,-0.018208
0.0597,-0.018202
0.0598,-0.018231
0.0599,-0.018211
0.06,-0.018263
0.0601,-0.018217
0.0602,-0.018225
0.0603,-0.018202
0.0604,-0.018194
0.0605,-0.018222
0.0606,-0.018199
0.0607,-0.018211
0.0608,-0.018202
0.0609,-0.018214
0.061,-0.018202
0.0611,-0.018194
0.0612,-0.018217
0.0613,-0.018231
0.0614,-0.018202
0.0615,-0.018188
0.0616,-0.018171
0.0617,-0.018182
0.0618,-0.018188
0.0619,-0.018162
0.062,-0.018153
0.0621,-0.01815
0.0622,-0.018156
0.0623,-0.018113
0.0624,-0.018087
0.0625,-0.018096
0.0626,-0.018099
0.0627,-0.018076
0.0628,-0.018067
0.0629,-0.018053
0.063,-0.018061
0.0631,-0.018073
0.0632,-0.018067
0.0633,-0.01807
0.0634,-0.018064
0.0635,-0.018053
0.0636,-0.01803
0.0637,-0.018038
0.0638,-0.018027
0.0639,-0.018021
0.064,-0.018024
0.0641,-0.018018
0.0642,-0.018009
0.0643,-0.017969
0.0644,-0.017978
0.0645,-0.017989
0.0646,-0.017943
0.0647,-0.017917
0.0648,-0.017906
0.0649,-0.01792
0.065,-0.017935
0.0651,-0.017848
0.0652,-0.017845
0.0653,-0.017851
0.0654,-0.017834
0.0655,-0.017822
0.0656,-0.017808
0.0657,-0.017822
0.0658,-0.017808
0.0659,-0.017771
0.066,-0.017779
0.0661,-0.017794
0.0662,-0.017759
0.0663,-0.017739
0.0664,-0.01771
0.0665,-0.017699
0.0666,-0.017725
0.0667,-0.017676
0.0668,-0.017707
0.0669,-0.017658
0.067,-0.017633
0.0671,-0.017607
0.0672,-0.017555
0.0673,-0.017581
0.0674,-0.017552
0.0675,-0.017552
0.0676,-0.017506
0.0677,-0.017451
0.0678,-0.017474
0.0679,-0.017443
0.068,-0.017451
0.0681,-0.017422
0.0682,-0.017405
0.0683,-0.017391
0.0684,-0.017365
0.0685,-0.017345
0.0686,-0.017313
0.0687,-0.017304
0.0688,-0.017296
0.0689,-0.01725
0.069,-0.017247
0.0691,-0.017192
0.0692,-0.017187
0.0693,-0.017163
0.0694,-0.017161
0.0695,-0.017132
0.0696,-0.017069
0.0697,-0.01706
0.0698,-0.017011
0.0699,-0.016988
0.07,-0.016953
0.0701,-0.016976
0.0702,-0.016953
0.0703,-0.016974
0.0704,-0.016907
0.0705,-0.016933
0.0706,-0.016841
0.0707,-0.016858
0.0708,-0.01681
0.0709,-0.016798
0.071,-0.016743
0.0711,-0.016729
0.0712,-0.016758
0.0713,-0.016723
0.0714,-0.016666
0.0715,-0.016634
0.0716,-0.016588
0.0717,-0.016582
0.0718,-0.016577
0.0719,-0.016525
0.072,-0.016496
0.0721,-0.016487
0.0722,-0.016484
0.0723,-0.016459
0.0724,-0.016461
0.0725,-0.016389
0.0726,-0.016349
0.0727,-0.016283
0.0728,-0.016248
0.0729,-0.016283
0.073,-0.01628
0.0731,-0.016272
0.0732,-0.016263
0.0733,-0.016211
0.0734,-0.016154
0.0735,-0.016096
0.0736,-0.01605
0.0737,-0.01605
0.0738,-0.016027
0.0739,-0.016015
0.074,-0.015955
0.0741,-0.015952
0.0742,-0.015897
0.0743,-0.015906
0.0744,-0.015897
0.0745,-0.015872
0.0746,-0.01584
0.0747,-0.015811
0.0748,-0.015777
0.0749,-0.015745
0.075,-0.015705
0.0751,-0.015693
0.0752,-0.015618
0.0753,-0.015521
0.0754,-0.015535
0.0755,-0.015443
0.0756,-0.014962
0.0757,-0.014732
0.0758,-0.014723
0.0759,-0.014726
0.076,-0.014709
0.0761,-0.014721
0.0762,-0.014721
0.0763,-0.014721
0.0764,-0.014712
0.0765,-0.014698
0.0766,-0.014723
0.0767,-0.014723
0.0768,-0.014703
0.0769,-0.014752
0.077,-0.0147
0.0771,-0.014692
0.0772,-0.014675
0.0773,-0.014686
0.0774,-0.014692
0.0775,-0.014703
0.0776,-0.014703
0.0777,-0.014715
0.0778,-0.014718
0.0779,-0.014698
0.078,-0.0147
0.0781,-0.014718
0.0782,-0.014712
0.0783,-0.014698
0.0784,-0.014726
0.0785,-0.014718
0.0786,-0.014721
0.0787,-0.014709
0.0788,-0.014723
0.0789,-0.014732
0.079,-0.014695
0.0791,-0.014723
0.0792,-0.014741
0.0793,-0.014709
0.0794,-0.014689
0.0795,-0.014649
0.0796,-0.014683
0.0797,-0.014709
0.0798,-0.014718
0.0799,-0.014709
0.08,-0.014712
0.0801,-0.014729
0.0802,-0.014695
0.0803,-0.014698
0.0804,-0.014677
0.0805,-0.014721
0.0806,-0.014747
0.0807,-0.014706
0.0808,-0.014726
0.0809,-0.014726
0.081,-0.014747
0.0811,-0.014744
0.0812,-0.014709
0.0813,-0.014738
0.0814,-0.014689
0.0815,-0.014652
0.0816,-0.014703
0.0817,-0.014692
0.0818,-0.0147
0.0819,-0.014683
0.082,-0.014718
0.0821,-0.014744
0.0822,-0.014738
0.0823,-0.014729
0.0824,-0.014703
0.0825,-0.014683
0.0826,-0.0147
0.0827,-0.014712
0.0828,-0.014683
0.0829,-0.01468
0.083,-0.014654
0.0831,-0.014683
0.0832,-0.014723
0.0833,-0.014712
0.0834,-0.0147
0.0835,-0.014706
0.0836,-0.014689
0.0837,-0.014669
0.0838,-0.014683
0.0839,-0.014666
0.084,-0.014666
0.0841,-0.014703
0.0842,-0.014695
0.0843,-0.014715
0.0844,-0.0147
0.0845,-0.014683
0.0846,-0.014698
0.0847,-0.014715
0.0848,-0.014726
0.0849,-0.014712
0.085,-0.014706
0.0851,-0.014657
0.0852,-0.014695
0.0853,-0.01468
0.0854,-0.014686
0.0855,-0.014712
0.0856,-0.014712
0.0857,-0.014723
0.0858,-0.014695
0.0859,-0.01466
0.086,-0.014709
0.0861,-0.014706
0.0862,-0.014718
0.0863,-0.014726
0.0864,-0.014747
0.0865,-0.014738
0.0866,-0.014698
0.0867,-0.014683
0.0868,-0.014677
0.0869,-0.014677
0.087,-0.014692
0.0871,-0.014654
0.0872,-0.014654
0.0873,-0.014698
0.0874,-0.014689
0.0875,-0.014652
0.0876,-0.014663
0.0877,-0.01466
0.0878,-0.01466
0.0879,-0.014675
0.088,-0.014721
0.0881,-0.014706
0.0882,-0.014723
0.0883,-0.014709
0.0884,-0.014689
0.0885,-0.014675
0.0886,-0.014692
0.0887,-0.014698
0.0888,-0.014695
0.0889,-0.014712
0.089,-0.014663
0.0891,-0.014637
0.0892,-0.014623
0.0893,-0.01462
0.0894,-0.014631
0.0895,-0.014666
0.0896,-0.014672
0.0897,-0.014666
0.0898,-0.014669
0.0899,-0.014666
0.09,-0.014631
0.0901,-0.014715
0.0902,-0.014692
0.0903,-0.01468
0.0904,-0.014666
0.0905,-0.014686
0.0906,-0.014666
0.0907,-0.014646
0.0908,-0.014652
0.0909,-0.014654
0.091,-0.014663
0.0911,-0.014666
0.0912,-0.014677
0.0913,-0.01468
0.0914,-0.01466
0.0915,-0.014649
0.0916,-0.014663
0.0917,-0.014669
0.0918,-0.014683
0.0919,-0.014657
0.092,-0.014643
0.0921,-0.014654
0.0922,-0.014652
0.0923,-0.014637
0.0924,-0.014649
0.0925,-0.014649
0.0926,-0.014629
0.0927,-0.014634
0.0928,-0.014631
0.0929,-0.01462
0.093,-0.014614
0.0931,-0.0146
0.0932,-0.014585
0.0933,-0.014611
0.0934,-0.014597
0.0935,-0.014571
0.0936,-0.014614
0.0937,-0.014646
0.0938,-0.014603
0.0939,-0.014591
0.094,-0.014637
0.0941,-0.014603
0.0942,-0.014597
0.0943,-0.01458
0.0944,-0.014603
0.0945,-0.014588
0.0946,-0.014594
0.0947,-0.014603
0.0948,-0.014626
0.0949,-0.014591
0.095,-0.014611
0.0951,-0.014606
0.0952,-0.014614
0.0953,-0.014629
0.0954,-0.014643
0.0955,-0.014634
0.0956,-0.014611
0.0957,-0.014588
0.0958,-0.014594
0.0959,-0.014617
0.096,-0.014603
0.0961,-0.014637
0.0962,-0.014617
0.0963,-0.014608
0.0964,-0.014617
0.0965,-0.014623
0.0966,-0.014626
0.0967,-0.0146
0.0968,-0.014608
0.0969,-0.014611
0.097,-0.014608
0.0971,-0.014603
0.0972,-0.014608
0.0973,-0.014608
0.0974,-0.0146
0.0975,-0.01462
0.0976,-0.014623
0.0977,-0.01462
0.0978,-0.014614
0.0979,-0.014631
0.098,-0.014608
0.0981,-0.014606
0.0982,-0.014623
0.0983,-0.01458
0.0984,-0.014629
0.0985,-0.014611
0.0986,-0.014608
0.0987,-0.014626
0.0988,-0.01464
0.0989,-0.0146
0.099,-0.014617
0.0991,-0.01464
0.0992,-0.014606
0.0993,-0.014608
0.0994,-0.014614
0.0995,-0.014623
0.0996,-0.0146
0.0997,-0.014591
0.0998,-0.01458
0.0999,-0.014617
0.1,-0.014597
0.1001,-0.014559
0.1002,-0.014585
0.1003,-0.014611
0.1004,-0.014591
0.1005,-0.014588
0.1006,-0.014577
0.1007,-0.014545
0.1008,-0.014571
0.1009,-0.014571
0.101,-0.014571
0.1011,-0.014551
0.1012,-0.014571
0.1013,-0.0146
0.1014,-0.014652
0.1015,-0.01466
0.1016,-0.014631
0.1017,-0.014623
0.1018,-0.01464
0.1019,-0.014614
0.102,-0.01464
0.1021,-0.014677
0.1022,-0.014657
0.1023,-0.014672
0.1024,-0.014675
0.1025,-0.014637
0.1026,-0.014672
0.1027,-0.014663
0.1028,-0.014652
0.1029,-0.014657
0.103,-0.014617
0.1031,-0.01464
0.1032,-0.014657
0.1033,-0.014626
0.1034,-0.014608
0.1035,-0.014614
0.1036,-0.014617
0.1037,-0.014614
0.1038,-0.01464
0.1039,-0.01464
0.104,-0.014617
0.1041,-0.0146
0.1042,-0.014614
0.1043,-0.014614
0.1044,-0.014631
0.1045,-0.01464
0.1046,-0.014606
0.1047,-0.014611
0.1048,-0.014606
0.1049,-0.014608
0.105,-0.014629
0.1051,-0.014611
0.1052,-0.014606
0.1053,-0.014617
0.1054,-0.014611
0.1055,-0.014582
0.1056,-0.014568
0.1057,-0.014568
0.1058,-0.014551
0.1059,-0.014585
0.106,-0.014594
0.1061,-0.01458
0.1062,-0.014597
0.1063,-0.014554
0.1064,-0.014626
0.1065,-0.014603
0.1066,-0.014571
0.1067,-0.014577
0.1068,-0.014617
0.1069,-0.014608
0.107,-0.014588
0.1071,-0.014603
0.1072,-0.014608
0.1073,-0.014608
0.1074,-0.01462
0.1075,-0.014597
0.1076,-0.014657
0.1077,-0.014608
0.1078,-0.014626
0.1079,-0.014591
0.108,-0.014591
0.1081,-0.014585
0.1082,-0.014559
0.1083,-0.01458
0.1084,-0.01458
0.1085,-0.01458
0.1086,-0.0146
0.1087,-0.014594
0.1088,-0.014571
0.1089,-0.01458
0.109,-0.014562
0.1091,-0.014588
0.1092,-0.014582
0.1093,-0.014571
0.1094,-0.014536
0.1095,-0.014542
0.1096,-0.014554
0.1097,-0.014562
0.1098,-0.0146
0.1099,-0.014542
0.11,-0.014539
0.1101,-0.014516
0.1102,-0.014505
0.1103,-0.014531
0.1104,-0.014574
0.1105,-0.014536
0.1106,-0.014559
0.1107,-0.014571
0.1108,-0.014597
0.1109,-0.014571
0.111,-0.01458
0.1111,-0.014597
0.1112,-0.014585
0.1113,-0.0146
0.1114,-0.014588
0.1115,-0.01462
0.1116,-0.014626
0.1117,-0.014614
0.1118,-0.014603
0.1119,-0.014603
0.112,-0.014554
0.1121,-0.014577
0.1122,-0.014559
0.1123,-0.014562
0.1124,-0.014548
0.1125,-0.014585
0.1126,-0.014568
0.1127,-0.014548
0.1128,-0.014557
0.1129,-0.014577
0.113,-0.014559
0.1131,-0.0146
0.1132,-0.014571
0.1133,-0.014585
0.1134,-0.014562
0.1135,-0.014536
0.1136,-0.014516
0.1137,-0.014534
0.1138,-0.014534
0.1139,-0.014534
0.114,-0.014574
0.1141,-0.0146
0.1142,-0.014582
0.1143,-0.014568
0.1144,-0.014568
0.1145,-0.014551
0.1146,-0.014548
0.1147,-0.014559
0.1148,-0.014559
0.1149,-0.014565
0.115,-0.014574
0.1151,-0.014585
0.1152,-0.014548
0.1153,-0.014588
0.1154,-0.014534
0.1155,-0.014531
0.1156,-0.014559
0.1157,-0.014534
0.1158,-0.014539
0.1159,-0.014531
0.116,-0.014496
0.1161,-0.014496
0.1162,-0.014528
0.1163,-0.014542
0.1164,-0.014528
0.1165,-0.014531
0.1166,-0.014519
0.1167,-0.014528
0.1168,-0.014542
0.1169,-0.014531
0.117,-0.014534
0.1171,-0.014531
0.1172,-0.014545
0.1173,-0.014528
0.1174,-0.014542
0.1175,-0.014531
0.1176,-0.014548
0.1177,-0.014534
0.1178,-0.014536
0.1179,-0.014551
0.118,-0.01449
0.1181,-0.014519
0.1182,-0.014548
0.1183,-0.014539
0.1184,-0.014554
0.1185,-0.014522
0.1186,-0.014542
0.1187,-0.014516
0.1188,-0.014508
0.1189,-0.014522
0.119,-0.014513
0.1191,-0.014505
0.1192,-0.014496
0.1193,-0.014559
0.1194,-0.014554
0.1195,-0.014568
0.1196,-0.014536
0.1197,-0.014525
0.1198,-0.014554
0.1199,-0.014542
0.12,-0.014542
0.1201,-0.014539
0.1202,-0.014531
0.1203,-0.014516
0.1204,-0.014525
0.1205,-0.014519
0.1206,-0.014513
0.1207,-0.014539
0.1208,-0.014542
0.1209,-0.014542
0.121,-0.014493
0.1211,-0.014482
0.1212,-0.014493
0.1213,-0.014465
0.1214,-0.014476
0.1215,-0.014467
0.1216,-0.014479
0.1217,-0.014476
0.1218,-0.01445
0.1219,-0.01449
0.122,-0.014508
0.1221,-0.01449
0.1222,-0.01445
0.1223,-0.014496
0.1224,-0.014499
0.1225,-0.014493
0.1226,-0.014488
0.1227,-0.014502
0.1228,-0.014496
0.1229,-0.014516
0.123,-0.014479
0.1231,-0.01447
0.1232,-0.014493
0.1233,-0.014508
0.1234,-0.014542
0.1235,-0.014505
0.1236,-0.014496
0.1237,-0.014511
0.1238,-0.014516
0.1239,-0.014511
0.124,-0.014485
0.1241,-0.014465
0.1242,-0.014493
0.1243,-0.014536
0.1244,-0.014519
0.1245,-0.014525
0.1246,-0.014536
0.1247,-0.014548
0.1248,-0.014534
0.1249,-0.014516
0.125,-0.014516
0.1251,-0.014502
0.1252,-0.014522
0.1253,-0.014528
0.1254,-0.014519
0.1255,-0.014519
0.1256,-0.014502
0.1257,-0.014522
0.1258,-0.014499
0.1259,-0.014488
0.126,-0.014485
0.1261,-0.014482
0.1262,-0.014442
0.1263,-0.01445
0.1264,-0.01445
0.1265,-0.014476
0.1266,-0.014499
0.1267,-0.014516
0.1268,-0.014467
0.1269,-0.014462
0.127,-0.014453
0.1271,-0.014462
0.1272,-0.014473
0.1273,-0.014467
0.1274,-0.014467
0.1275,-0.014442
0.1276,-0.014473
0.1277,-0.014485
0.1278,-0.014511
0.1279,-0.014493
0.128,-0.014462
0.1281,-0.014516
0.1282,-0.014505
0.1283,-0.014482
0.1284,-0.014485
0.1285,-0.01447
0.1286,-0.014502
0.1287,-0.014488
0.1288,-0.01447
0.1289,-0.01449
0.129,-0.014499
0.1291,-0.014479
0.1292,-0.014488
0.1293,-0.014505
0.1294,-0.014493
0.1295,-0.014482
0.1296,-0.014482
0.1297,-0.014513
0.1298,-0.014479
0.1299,-0.014511
0.13,-0.01447
0.1301,-0.01447
0.1302,-0.014493
0.1303,-0.014476
0.1304,-0.014465
0.1305,-0.014465
0.1306,-0.014467
0.1307,-0.014499
0.1308,-0.014505
0.1309,-0.014505
0.131,-0.01445
0.1311,-0.014453
0.1312,-0.014462
0.1313,-0.014482
0.1314,-0.014493
0.1315,-0.014508
0.1316,-0.014508
0.1317,-0.014511
0.1318,-0.014476
0.1319,-0.014473
0.132,-0.014482
0.1321,-0.014488
0.1322,-0.014499
0.1323,-0.014467
0.1324,-0.014453
0.1325,-0.014473
0.1326,-0.014467
0.1327,-0.014456
0.1328,-0.014459
0.1329,-0.014418
0.133,-0.014456
0.1331,-0.014482
0.1332,-0.014485
0.1333,-0.014508
0.1334,-0.014459
0.1335,-0.014467
0.1336,-0.014485
0.1337,-0.014493
0.1338,-0.01445
0.1339,-0.014479
0.134,-0.014456
0.1341,-0.01443
0.1342,-0.014447
0.1343,-0.014453
0.1344,-0.014433
0.1345,-0.014456
0.1346,-0.014479
0.1347,-0.01449
0.1348,-0.014479
0.1349,-0.014473
0.135,-0.014485
0.1351,-0.014479
0.1352,-0.01445
0.1353,-0.014447
0.1354,-0.014427
0.1355,-0.014482
0.1356,-0.014462
0.1357,-0.01445
0.1358,-0.014456
0.1359,-0.014465
0.136,-0.014459
0.1361,-0.014436
0.1362,-0.014413
0.1363,-0.014404
0.1364,-0.014427
0.1365,-0.014444
0.1366,-0.014439
0.1367,-0.014465
0.1368,-0.01443
0.1369,-0.014421
0.137,-0.01443
0.1371,-0.014413
0.1372,-0.014424
0.1373,-0.014407
0.1374,-0.014439
0.1375,-0.014447
0.1376,-0.01443
0.1377,-0.014421
0.1378,-0.014416
0.1379,-0.014416
0.138,-0.014404
0.1381,-0.014416
0.1382,-0.014393
0.1383,-0.01443
0.1384,-0.014436
0.1385,-0.014436
0.1386,-0.01445
0.1387,-0.014459
0.1388,-0.01445
0.1389,-0.014485
0.139,-0.01445
0.1391,-0.014482
0.1392,-0.014473
0.1393,-0.014436
0.1394,-0.014439
0.1395,-0.014427
0.1396,-0.014424
0.1397,-0.014407
0.1398,-0.014439
0.1399,-0.014433
0.14,-0.014447
0.1401,-0.014436
0.1402,-0.014427
0.1403,-0.014439
0.1404,-0.014418
0.1405,-0.014421
0.1406,-0.014467
0.1407,-0.014462
0.1408,-0.014436
0.1409,-0.014421
0.141,-0.014384
0.1411,-0.014404
0.1412,-0.014421
0.1413,-0.014453
0.1414,-0.014465
0.1415,-0.014444
0.1416,-0.014416
0.1417,-0.01443
0.1418,-0.014439
0.1419,-0.014436
0.142,-0.014462
0.1421,-0.014476
0.1422,-0.014459
0.1423,-0.014479
0.1424,-0.014444
0.1425,-0.014447
0.1426,-0.01445
0.1427,-0.014459
0.1428,-0.014467
0.1429,-0.014467
0.143,-0.014427
0.1431,-0.014421
0.1432,-0.014447
0.1433,-0.014447
0.1434,-0.01445
0.1435,-0.014453
0.1436,-0.014453
0.1437,-0.014465
0.1438,-0.014453
0.1439,-0.014488
0.144,-0.01449
0.1441,-0.014465
0.1442,-0.014447
0.1443,-0.01443
0.1444,-0.014439
0.1445,-0.014436
0.1446,-0.014453
0.1447,-0.014465
0.1448,-0.014479
0.1449,-0.014485
0.145,-0.014473
0.1451,-0.014444
0.1452,-0.014485
0.1453,-0.014476
0.1454,-0.014424
0.1455,-0.01441
0.1456,-0.014453
0.1457,-0.014459
0.1458,-0.014413
0.1459,-0.01441
0.146,-0.014401
0.1461,-0.014476
0.1462,-0.014473
0.1463,-0.014459
0.1464,-0.014467
0.1465,-0.014436
0.1466,-0.014459
0.1467,-0.014444
0.1468,-0.014433
0.1469,-0.014413
0.147,-0.014442
0.1471,-0.014436
0.1472,-0.014427
0.1473,-0.014444
0.1474,-0.014442
0.1475,-0.014424
0.1476,-0.01441
0.1477,-0.014447
0.1478,-0.01443
0.1479,-0.014398
0.148,-0.014407
0.1481,-0.014418
0.1482,-0.01439
0.1483,-0.014433
0.1484,-0.014439
0.1485,-0.014433
0.1486,-0.014439
0.1487,-0.014456
0.1488,-0.014416
0.1489,-0.014433
0.149,-0.014439
0.1491,-0.014456
0.1492,-0.014433
0.1493,-0.01443
0.1494,-0.014407
0.1495,-0.014444
0.1496,-0.014427
0.1497,-0.014395
0.1498,-0.014456
0.1499,-0.014467
0.15,-0.01445
